{"cameraMode":{"drawMode":0,"name":"Shaded","section":"Shading Mode"},"sceneLighting":false,"audioPlay":false,"sceneViewState":{"m_AlwaysRefresh":false,"showFog":true,"showSkybox":true,"showFlares":true,"showImageEffects":true,"showParticleSystems":true,"showVisualEffectGraphs":true,"m_FxEnabled":true},"in2DMode":false,"pivot":{"x":18.710994720458986,"y":-2.990628719329834,"z":54.912044525146487},"rotation":{"x":0.38602492213249209,"y":0.5921407341957092,"z":-0.38533082604408266,"w":0.5932039618492127},"size":11.142770767211914,"orthographic":true}