{"cameraMode":{"drawMode":0,"name":"Shaded","section":"Shading Mode"},"sceneLighting":true,"audioPlay":false,"sceneViewState":{"showFog":true,"showMaterialUpdate":false,"showSkybox":true,"showFlares":true,"showImageEffects":true,"showParticleSystems":true,"showVisualEffectGraphs":true,"m_FxEnabled":false},"in2DMode":false,"pivot":{"x":26.199047088623048,"y":0.6752548217773438,"z":175.41265869140626},"rotation":{"x":0.3926962912082672,"y":-0.1222103014588356,"z":0.05273836478590965,"w":0.9099858403205872},"size":10.139829635620118,"orthographic":true}