{"cameraMode":{"drawMode":0,"name":"Shaded","section":"Shading Mode"},"sceneLighting":true,"audioPlay":false,"sceneViewState":{"showFog":true,"showMaterialUpdate":false,"showSkybox":true,"showFlares":true,"showImageEffects":true,"showParticleSystems":true,"showVisualEffectGraphs":true,"m_FxEnabled":false},"in2DMode":false,"pivot":{"x":11.099604606628418,"y":1.5618009567260743,"z":13.413729667663575},"rotation":{"x":0.43210628628730776,"y":-0.5616396069526672,"z":0.4399559497833252,"w":0.5516205430030823},"size":1.6413248777389527,"orthographic":true}